<?xml version="1.0" encoding="UTF-8"?>
<!DOCTYPE mapper PUBLIC "-//mybatis.org//DTD Mapper 3.0//EN"
	"http://mybatis.org/dtd/mybatis-3-mapper.dtd">
<mapper namespace="com.ssm.dao.ProjectDao">
	<!--查询所有项目集合列表 -->
	<select id="selectProjectList" parameterType="int" resultType="Project">
        select * from volproject 
	</select>
	<!--通过账号和密码查询项目 -->
	<select id="findProject" parameterType="String" resultType="Project">
		select * from volproject  where projectName=#{projectName} 
	</select>
	<!--通过ProjectId查询项目 -->
	<select id="getProjectByProjectId" parameterType="int" resultType="Project">
		select * from volproject  where projectID=#{projectID}
	</select>
	<!--通过登录账号查询项目 -->
	<select id="getProjectByLProjectName" parameterType="String" resultType="Project">
		select * from volproject  where projectName=#{projectName} 
	</select>
	<!--添加项目 -->
	<insert id="addProject" parameterType="Project">
		insert into volproject (
			projectID,
			projectName
				
		)
		values(
			#{projectID},
			#{projectName}
		
		)
	</insert>
	<!-- 更新项目 -->
	<update id="updateProject" parameterType="Project">
		update volproject 
		<set>
		<if test="projectName!=null ">
			projectName=#{projectName},
		</if>
		
		</set>
		where projectID=#{projectID}
	</update> 
	<!--删除项目 -->
	<delete id="delProject" parameterType="int">
		delete from volproject  where projectID=#{projectID}
	</delete>
	
</mapper>