<?xml version="1.0" encoding="UTF-8"?>
<!DOCTYPE mapper PUBLIC "-//mybatis.org//DTD Mapper 3.0//EN"
	"http://mybatis.org/dtd/mybatis-3-mapper.dtd">
<mapper namespace="com.ssm.dao.ScoreDao">
	
	<!--通过账号和密码查询用户 -->
	<select id="findScoreByvolunteerID" parameterType="int" resultType="Score">
		select * from voljoin where volunteerID=#{volunteerID}
	</select>
	<select id="findScoreByteacherID" parameterType="int" resultType="Score">
		select * from voljoin where teacherID=#{teacherID}
	</select>
	<select id="findScoreByprojectID" parameterType="int" resultType="Score">
		select * from voljoin where projectID=#{projectID}
	</select>
	<select id="findScoreByvIDandpID" parameterType="int" resultType="Score">
	    select * from voljoin where volunteerID=#{volunteerID} and projectID=#{projectID}
	</select>
	<insert id="addScore" parameterType="Score">
		insert into voljoin(
			JoinID,
			volunteerID,
			teacherID,
			projectID,
			score		
		)
		values(
			#{JoinID},
			#{volunteerID},
			#{teacherID},
			#{projectID},
			#{score}
		)
	</insert>
	<delete id="delScoreByvIDandpID" parameterType="int">
		delete from voljoin where volunteerID=#{volunteerID} and projectID=#{projectID}
	</delete>
	
	<delete id="delScoreBytIDandpID" parameterType="int">
		delete from voljoin where teacherID=#{teacherID} and projectID=#{projectID}
	</delete>
	
	<update id="scoreBypIDandvID" parameterType="int">
		update voljoin
		<set>
		    score=#{score}
		</set>
		where projectID=#{projectID} and volunteerID=#{volunteerID} and teacherID=#{teacherID}
	</update> 
	
	<update id="updateVolunteerID" parameterType="int">
		update voljoin
		<set>
		    volunteerID=#{volunteerID}
		</set>
		where JoinID=#{JoinID}
	</update> 
	
	<update id="updateTeacherID" parameterType="int">
		update voljoin
		<set>
		    teacherID=#{teacherID}
		</set>
		where JoinID=#{JoinID}
	</update> 
</mapper>