<?xml version="1.0" encoding="UTF-8"?>
<!DOCTYPE mapper PUBLIC "-//mybatis.org//DTD Mapper 3.0//EN"
	"http://mybatis.org/dtd/mybatis-3-mapper.dtd">
<mapper namespace="com.ssm.dao.TeacherDao">
	<!--查询所有用户集合列表 -->
	<select id="selectTeacherList" parameterType="int" resultType="Teacher">
        select * from teacher 
	</select>
	<!--通过账号和密码查询用户 -->
	<select id="findTeacher" parameterType="String" resultType="Teacher">
		select * from teacher where teacherName=#{teacherName} and password=#{password}
	</select>
	<!--通过TeacherId查询用户 -->
	<select id="getTeacherByTeacherId" parameterType="int" resultType="Teacher">
		select * from teacher where teacherID=#{teacherID}
	</select>
	<!--通过登录账号查询用户 -->
	<select id="getTeacherByLoginName" parameterType="String" resultType="Teacher">
		select * from teacher where teacherName=#{teacherName} 
	</select>
	<!--添加用户 -->
	<insert id="addTeacher" parameterType="Teacher">
		insert into teacher(
			teacherID,
			teacherName,
			password		
		)
		values(
			#{teacherID},
			#{teacherName},
			#{password}
		)
	</insert>
	<!-- 更新用户 -->
	<update id="updateTeacher" parameterType="Teacher">
		update teacher
		<set>
		<if test="teacherName!=null and teacherName!=''">
			teacherName=#{teacherName},
		</if>
		<if test="password!=null and password!=''">
			password=#{password},
		</if>
		</set>
		where teacherID=#{teacherID}
	</update> 
	<!--删除用户 -->
	<delete id="delTeacher" parameterType="int">
		delete from teacher where teacherID=#{teacherID}
	</delete>
	
</mapper>