<?xml version="1.0" encoding="UTF-8"?>
<!DOCTYPE mapper PUBLIC "-//mybatis.org//DTD Mapper 3.0//EN"
	"http://mybatis.org/dtd/mybatis-3-mapper.dtd">
<mapper namespace="com.ssm.dao.VolunteerDao">
	<!--查询所有用户集合列表 -->
	<select id="selectVolunteerList" parameterType="int" resultType="Volunteer">
        select * from volunteer 
	</select>
	<!--通过账号和密码查询用户 -->
	<select id="findVolunteer" parameterType="String" resultType="Volunteer">
		select * from volunteer where volunteerName=#{volunteerName} and password=#{password}
	</select>
	<!--通过VolunteerId查询用户 -->
	<select id="getVolunteerByVolunteerId" parameterType="int" resultType="Volunteer">
		select * from volunteer where volunteerID=#{volunteerID}
	</select>
	<!--通过登录账号查询用户 -->
	<select id="getVolunteerByLoginName" parameterType="String" resultType="Volunteer">
		select * from volunteer where volunteerName=#{volunteerName} 
	</select>
	<!--添加用户 -->
	<insert id="addVolunteer" parameterType="Volunteer">
		insert into volunteer(
			volunteerID,
			volunteerName,
			password		
		)
		values(
			#{volunteerID},
			#{volunteerName},
			#{password}
		)
	</insert>
	<!-- 更新用户 -->
	<update id="updateVolunteer" parameterType="Volunteer">
		update volunteer
		<set>
		<if test="volunteerName!=null and volunteerName!=''">
			volunteerName=#{volunteerName},
		</if>
		<if test="password!=null and password!=''">
			password=#{password},
		</if>
		</set>
		where volunteerID=#{volunteerID}
	</update> 
	<!--删除用户 -->
	<delete id="delVolunteer" parameterType="int">
		delete from volunteer where volunteerID=#{volunteerID}
	</delete>
	
</mapper>